property_id,suburb,address,sold_date,sold_price,property_type,bedrooms,bathrooms,car_spaces,land_size_m2,building_size_m2
CAB001,Cabramatta,6/23 Park Road,2026-09-10,545000,unit,2,1,1.0,,
CAB002,Cabramatta,7/87 Hughes Street,2026-09-09,550000,apartment,2,2,1.0,,108.0
CAB003,Cabramatta,11/4 Myall Street,2026-09-07,495000,unit,3,1,1.0,,
CAB004,Cabramatta,6/34 Hill Street,2026-08-27,530000,unit,2,1,1.0,,
CAB005,Cabramatta,21/96-100 Longfield Street,2026-08-14,668000,townhouse,2,1,1.0,,
CAB006,Cabramatta,20 Phillip Avenue,2026-08-12,2700000,house,5,3,4.0,560.0,
CAB007,Cabramatta,51 Jasmine Crescent,2026-08-03,1085000,house,3,1,3.0,,
CAB008,Cabramatta,12/39 Hill Street,2026-08-01,780000,townhouse,3,1,1.0,,
CAB009,Cabramatta,1/34 McBurney Road,2026-07-27,408000,unit,1,1,1.0,,
CAB010,Cabramatta,5/44 McBurney Road,2026-07-23,947000,townhouse,3,1,1.0,,140.0
CAB011,Cabramatta,18 Roebuck Street,2026-07-22,1675000,duplex,5,4,1.0,384.0,
CAB012,Cabramatta,11 Begonia Avenue,2026-07-17,1230000,house,4,1,3.0,474.0,
CAB013,Cabramatta,118 Hughes Street,2026-07-13,1950000,house,3,1,4.0,1225.0,
CAB014,Cabramatta,81 Cumberland Street,2026-06-27,3500000,house,6,5,6.0,1212.0,
CAB015,Cabramatta,7/9 Fisher Street,2026-06-24,510000,unit,2,1,1.0,,
CAB016,Cabramatta,39/88-92 Hughes Street,2026-06-12,415000,unit,1,1,1.0,,
CAB017,Cabramatta,2/61D McBurney Road,2026-05-25,492500,unit,2,1,1.0,,
CAB018,Cabramatta,15 Grace Avenue,2026-05-23,1371000,house,3,1,2.0,556.0,
CAB019,Cabramatta,19 Lovoni Street,2026-05-18,2200000,house,3,3,3.0,1012.0,
CAB020,Cabramatta,5/60 Broomfield Street,2026-05-11,580000,unit,3,1,1.0,113.0,
CAB021,Cabramatta,101a Cumberland Street,2026-05-08,2958000,house,5,4,4.0,609.0,
CAB022,Cabramatta,24/84-86 Hughes Street,2026-04-29,474000,unit,2,1,1.0,85.0,
CAB023,Cabramatta,19 Alick Street,2026-04-20,1770000,house,3,1,5.0,701.9,
CAB024,Cabramatta,9/88-92 Hughes Street,2026-04-18,410000,unit,1,1,1.0,71.0,
CAB025,Cabramatta,9/43-45 Hill Street,2026-04-16,480000,unit,2,1,1.0,,
CAB026,Cabramatta,47/120-124 Cabramatta Road East,2026-04-07,375000,unit,1,1,1.0,,
CAB027,Cabramatta,11/88-92 Hughes Street,2026-08-13,405000,unit,1,1,,,
CAB028,Cabramatta,3 Grace Avenue,2026-08-08,3200000,house,5,4,,,
CAB029,Cabramatta,5/32 Hill Street,2026-04-28,510000,unit,2,1,,,
CAB030,Cabramatta,2/14-16 Myall Street,2026-03-30,585000,apartment,2,1,1.0,,91.0
CAB031,Cabramatta,48/120-124 Cabramatta Road East,2026-03-27,455000,unit,2,1,1.0,,
CAB032,Cabramatta,9/15 Acacia Street,2026-09-11,475000,unit,2,1,1.0,,
CAB033,Cabramatta,21 Links Avenue,2026-09-07,1550000,duplex,5,4,2.0,316.0,
CAB034,Cabramatta,379 Cabramatta Road,2026-03-24,1650000,house,5,3,2.0,450.0,
CAB035,Cabramatta,343 Cabramatta Road West,2026-03-23,1600000,house,3,3,2.0,1092.0,
CAB036,Cabramatta,40/120-124 Cabramatta Road East,2026-03-17,425000,unit,2,1,1.0,,
CAB037,Cabramatta,22/76-80 McBurney Road,2026-03-16,498000,unit,3,1,1.0,,
CAB038,Cabramatta,3/76-80 McBurney Road,2026-03-13,738000,townhouse,3,1,1.0,,
CAB039,Cabramatta,7/6-10 Bridge Street,2026-03-02,820000,townhouse,3,1,1.0,,125.0
CAB040,Cabramatta,72 Sussex Street,2026-02-28,2050000,house,4,3,2.0,619.0,
CAB041,Cabramatta,6/144-150 John Street,2026-02-26,555000,unit,2,1,1.0,,
CAB042,Cabramatta,17/120-124 Cabramatta Road,2026-02-20,455000,unit,2,1,1.0,82.8,
CAB043,Cabramatta,13A Grant Avenue,2026-02-19,1460000,duplex,5,3,2.0,308.0,
CAB044,Cabramatta,5 Wadds Avenue,2026-02-17,1255000,house,4,2,1.0,569.1,
CAB045,Cabramatta,2/23 Park Road,2026-02-06,560000,unit,2,1,1.0,,
CAB046,Cabramatta,16/87 Hughes Street,2026-02-04,550000,unit,2,2,1.0,,
CAB047,Cabramatta,15/54-58 Broomfield Street,2026-02-03,555000,unit,3,1,1.0,,
CAB048,Cabramatta,40 St Johns Road,2026-02-01,3000000,house,3,1,1.0,1627.0,
CAB049,Cabramatta,22 Stonehaven Parade,2026-01-30,1200000,house,4,2,1.0,461.0,
CAB050,Cabramatta,51A Lovoni Street,2026-01-22,1470000,house,3,1,1.0,695.0,
CAB051,Cabramatta,75/29 Longfield Street,2026-01-19,690000,townhouse,2,1,1.0,,
CAB052,Cabramatta,5/8-12 Myall Street,2026-01-16,945000,townhouse,3,1,2.0,,
CAB053,Cabramatta,1C Broad Street,2026-01-14,1445000,house,5,3,2.0,312.0,
BAN001,Bankstown,24/15 Jacobs Street,2026-09-14,631000,apartment,2,1,1.0,,
BAN002,Bankstown,17 Hillview Avenue,2026-09-11,1290000,house,4,3,3.0,319.0,
BAN003,Bankstown,12/168 Greenacre Road,2026-09-08,515000,apartment,2,1,1.0,,99.0
BAN004,Bankstown,12 High Street,2026-09-05,2434000,house,4,2,9.0,1012.0,
BAN005,Bankstown,17/113 Meredith Street,2026-09-03,585000,unit,2,1,2.0,,129.0
BAN006,Bankstown,502/6 Cross Street,2026-09-02,430000,apartment,1,1,1.0,,71.0
BAN007,Bankstown,1A Heath Street,2026-08-29,1306000,house,4,2,4.0,670.3,
BAN008,Bankstown,8/128 Meredith Street,2026-08-28,875000,townhouse,3,2,2.0,,
BAN009,Bankstown,66/35 Stanley Street,2026-08-26,628000,apartment,2,1,1.0,,118.0
BAN010,Bankstown,14A Petunia Avenue,2026-08-25,1520000,duplex,4,2,2.0,349.0,
BAN011,Bankstown,17/24 Sir Joseph Banks Street,2026-08-25,510000,unit,2,1,1.0,95.0,
BAN012,Bankstown,60 Fenwick Street,2026-08-22,2420000,house,3,1,1.0,885.0,
BAN013,Bankstown,3/53 Pringle Avenue,2026-08-22,985000,townhouse,3,2,2.0,231.0,
BAN014,Bankstown,8/1 Stansfield Avenue,2026-08-22,955000,townhouse,3,2,2.0,231.0,
BAN015,Bankstown,423/19-21 Meredith Street,2026-08-21,895000,apartment,3,2,2.0,,
BAN016,Bankstown,7/28-32 Conway Road,2026-08-21,625000,unit,2,1,1.0,,
BAN017,Bankstown,13/28 Conway Road,2026-08-21,590000,unit,2,1,2.0,,114.0
BAN018,Bankstown,G05/26 Cairds Avenue,2026-08-21,590000,apartment,2,1,1.0,,131.0
BAN019,Bankstown,2/28-32 Conway Road,2026-08-17,607500,unit,2,1,1.0,,
BAN020,Bankstown,6 Hillview Avenue,2026-08-15,1235000,house,4,1,1.0,695.5,
BAN021,Bankstown,8/35 Brandon Avenue,2026-08-14,680000,unit,2,1,1.0,,135.0
BAN022,Bankstown,501B/4 French Avenue,2026-08-13,620000,apartment,2,2,1.0,,
BAN023,Bankstown,14/38-40 Conway Road,2026-08-12,665000,unit,3,1,1.0,,
BAN024,Bankstown,203/465 Chapel Road,2026-08-11,560000,apartment,2,1,1.0,,
BAN025,Bankstown,7/35 Jacobs Street,2026-08-10,535000,unit,2,1,1.0,111.0,
BAN026,Bankstown,26 Edward Street,2026-08-06,1398888,house,3,2,5.0,550.1,
BAN027,Bankstown,3/1-5 Marshall Street,2026-08-06,620000,apartment,2,2,1.0,,139.0
BAN028,Bankstown,215 Wattle Street,2026-08-01,1610000,house,5,2,2.0,486.9,
BAN029,Bankstown,1/192 Canterbury Road,2026-07-31,920000,townhouse,3,2,2.0,,292.0
BAN030,Bankstown,306/25 Meredith Street,2026-07-31,548000,apartment,1,1,1.0,,80.0
BAN031,Bankstown,503/27 Percy Street,2026-07-27,680000,unit,2,2,2.0,111.0,
BAN032,Bankstown,12/499 Chapel Road,2026-07-27,625000,unit,2,1,1.0,,123.0
BAN033,Bankstown,19/146 Meredith Street,2026-07-27,530000,apartment,2,2,1.0,,126.0
BAN034,Bankstown,6 Highland Avenue,2026-07-25,1340000,house,4,2,2.0,554.9,
BAN035,Bankstown,5/38 Cairds Avenue,2026-07-25,835000,apartment,3,2,2.0,,
BAN036,Bankstown,9/59 Rickard Road,2026-07-23,535000,apartment,2,2,1.0,,
BAN037,Bankstown,G12/74 Restwell Street,2026-07-23,525000,apartment,1,1,1.0,,106.0
BAN038,Bankstown,3/48 Reynolds Avenue,2026-07-21,682500,unit,2,1,1.0,,125.0
BAN039,Bankstown,9/2b Myrtle Road,2026-07-21,530000,apartment,2,1,1.0,,
BAN040,Bankstown,305/465 Chapel Road,2026-07-20,545000,unit,2,1,1.0,,121.0
BAN041,Bankstown,86 The Avenue,2026-07-15,2270000,house,3,1,4.0,1195.0,
BAN042,Bankstown,15/6 Myrtle Road,2026-07-14,590000,unit,2,1,1.0,,119.0
BAN043,Bankstown,4 Irvine Street,2026-07-11,1305000,house,3,1,4.0,448.9,
BAN044,Bankstown,907/16 Meredith Street,2026-07-10,795000,unit,3,2,3.0,194.0,
BAN045,Bankstown,10/1 Dudley Avenue,2026-07-10,659000,unit,2,1,2.0,,138.0
BAN046,Bankstown,35/94 Meredith Street,2026-07-09,560000,apartment,2,1,1.0,,108.0
BAN047,Bankstown,226/351F Hume Highway,2026-07-08,570000,apartment,2,2,1.0,,105.0
BAN048,Bankstown,411/196b Stacey Street,2026-07-07,735000,apartment,3,2,1.0,,
BAN049,Bankstown,4/42-44 Sir Joseph Banks Street,2026-07-07,629000,unit,2,1,1.0,,120.0
BAN050,Bankstown,1102/196A Stacey Street,2026-07-07,580666,apartment,2,2,1.0,,
BAN051,Bankstown,24/7 Cross Street,2026-07-07,500000,apartment,2,1,1.0,,
BAN052,Bankstown,3/40 Little Road,2026-07-06,1230000,townhouse,3,2,2.0,,
BAN053,Bankstown,48/17-27 Rickard Road,2026-07-03,560000,unit,2,1,1.0,,125.0
BAN054,Bankstown,49B Fenwick Street,2026-07-01,2450000,house,5,3,2.0,,
BAN055,Bankstown,16/75 Cairds Avenue,2026-07-01,670000,unit,3,2,2.0,,96.0
BAN056,Bankstown,78 Gardenia Avenue,2026-06-29,1950000,house,4,3,2.0,695.0,
BAN057,Bankstown,19 Gail Place,2026-06-27,1550000,house,4,2,4.0,562.8,
BAN058,Bankstown,12/8-10 Melanie Street,2026-06-23,805000,unit,3,2,2.0,,123.0
BAN059,Bankstown,54/7-9 Cross Street,2026-06-22,520000,unit,2,1,1.0,131.0,
BAN060,Bankstown,17/59 Rickard Road,2026-06-22,490000,apartment,2,2,2.0,,
BAN061,Bankstown,78 Northam Avenue,2026-06-20,2220000,house,3,2,3.0,885.0,
BAN062,Bankstown,12 Gould Street,2026-06-20,2115000,house,5,3,6.0,746.1,
BAN063,Bankstown,4/21-23 Myrtle Road,2026-06-19,708000,apartment,3,2,1.0,,
MAR001,Marrickville,73b Illawarra Road,2026-09-16,3055000,duplex,4,3,2.0,240.0,
MAR002,Marrickville,705/178 Livingstone Road,2026-09-14,912500,unit,1,1,1.0,,75.0
MAR003,Marrickville,11 Albermarle Street,2026-09-12,3170000,house,3,1,1.0,518.5,
MAR004,Marrickville,22 Fletcher Street,2026-09-12,2185000,house,4,2,1.0,,
MAR005,Marrickville,228/11-23 Gordon Street,2026-09-12,1475000,apartment,2,2,1.0,,
MAR006,Marrickville,16/44-50 Ewart Street,2026-09-09,810000,apartment,2,1,,,75.0
MAR007,Marrickville,124 Warren Road,2026-09-08,3500000,house,5,3,3.0,385.7,
MAR008,Marrickville,53 Silver Street,2026-09-04,1655000,house,2,1,,,
MAR009,Marrickville,6 Park Road,2026-09-04,1575500,house,2,1,,215.0,
MAR010,Marrickville,13/2-6 Schwebel Street,2026-09-03,1202000,apartment,2,1,1.0,,
MAR011,Marrickville,225/11-23 Gordon Street,2026-09-03,850000,apartment,1,1,1.0,,65.0
MAR012,Marrickville,8/261-263 Wardell Road,2026-09-02,690000,apartment,1,1,1.0,,
MAR013,Marrickville,27/254-258 Wardell Road,2026-08-28,1350000,apartment,2,1,1.0,,116.0
MAR014,Marrickville,26/342A Marrickville Road,2026-08-28,1170000,apartment,2,2,1.0,,
MAR015,Marrickville,102/1-13 Garners Avenue,2026-08-28,1085000,apartment,1,1,1.0,,114.0
MAR016,Marrickville,605/2 Arthur Street,2026-08-27,1730000,apartment,3,2,2.0,,155.0
MAR017,Marrickville,3/7 Henson Street,2026-08-27,940000,apartment,2,1,1.0,,
MAR018,Marrickville,13/19 Pile Street,2026-08-27,675000,apartment,1,1,1.0,,
MAR019,Marrickville,14 Excelsior Parade,2026-08-22,2025000,house,3,1,2.0,,
MAR020,Marrickville,419/186C Victoria Road,2026-08-21,855000,apartment,1,1,1.0,,
MAR021,Marrickville,51/44-50 Ewart Street,2026-08-21,794000,unit,2,1,,,69.0
MAR022,Marrickville,64 Silver Street,2026-08-19,1700000,house,2,1,,132.8,
MAR023,Marrickville,22 Ruby Street,2026-08-15,2510000,house,4,2,1.0,455.0,
MAR024,Marrickville,13/25a George Street,2026-08-15,935000,apartment,2,1,1.0,,81.0
MAR025,Marrickville,614/186D Victoria Road,2026-08-14,1355000,apartment,2,2,1.0,,
MAR026,Marrickville,5/24-26 Glen Street,2026-08-14,1050000,apartment,2,1,1.0,,
MAR027,Marrickville,502/326 Marrickville Road,2026-08-14,945000,apartment,1,1,1.0,,
MAR028,Marrickville,5/468 Illawarra Road,2026-08-14,780000,apartment,2,1,1.0,,69.0
MAR029,Marrickville,44/18 Cecilia Street,2026-08-12,1225000,apartment,2,1,1.0,,
MAR030,Marrickville,3/136 Livingstone Road,2026-08-12,1020000,apartment,2,1,,,67.0
MAR031,Marrickville,3/151-153 Illawarra Road,2026-08-10,1550000,townhouse,3,3,2.0,196.0,
MAR032,Marrickville,107/326 Marrickville Road,2026-08-10,1230000,apartment,2,2,1.0,,
MAR033,Marrickville,12/342a Marrickville Road,2026-08-08,1135000,apartment,2,2,1.0,,92.0
MAR034,Marrickville,19/324B Marrickville Road,2026-08-06,642000,apartment,1,1,1.0,,
MAR035,Marrickville,27/176 Marrickville Road,2026-08-05,2600000,apartment,3,2,4.0,,380.0
MAR036,Marrickville,6 Enfield Street,2026-08-05,2320000,house,3,1,1.0,252.9,
MAR037,Marrickville,216/186C Victoria Road,2026-08-04,800000,apartment,1,1,,,
MAR038,Marrickville,241 Addison Road,2026-07-31,1750000,house,3,2,2.0,196.0,
MAR039,Marrickville,2/2-6 Schwebel Street,2026-07-30,1080000,unit,2,1,1.0,,
MAR040,Marrickville,60 Malakoff Street,2026-07-29,2000000,house,3,2,1.0,177.0,
MAR041,Marrickville,52 Illawarra Road,2026-07-25,1735000,house,3,1,1.0,170.7,
MAR042,Marrickville,16/1-5 Glen Street,2026-07-25,1010000,apartment,2,1,1.0,,
MAR043,Marrickville,13 Cowper Street,2026-07-24,1755000,house,3,3,,,
MAR044,Marrickville,903/186C Victoria Road,2026-07-24,800000,apartment,1,1,,,
MAR045,Marrickville,115 Sydenham Road,2026-07-23,1850000,house,4,1,2.0,366.7,
MAR046,Marrickville,73a Illawarra Road,2026-07-22,2980000,duplex,4,3,,242.0,
MAR047,Marrickville,185 Addison Road,2026-07-17,2000000,house,3,2,,158.1,
MAR048,Marrickville,15 Gladstone Street,2026-07-17,1900000,house,2,1,1.0,195.9,
MAR049,Marrickville,528 Illawarra Road,2026-07-17,1650000,house,3,1,,429.0,
MAR050,Marrickville,701/178 Livingstone Road,2026-07-16,950000,apartment,1,1,1.0,,60.0
MAR051,Marrickville,16 Holmesdale Street,2026-07-14,1615000,house,3,1,,,
MAR052,Marrickville,2/346-348 Illawarra Road,2026-07-14,653000,apartment,1,1,1.0,,
MAR053,Marrickville,11 Enfield Street,2026-07-08,2290000,house,4,1,1.0,354.1,
MAR054,Marrickville,77 Victoria Road,2026-07-08,2020000,duplex,3,1,1.0,,90.0
MAR055,Marrickville,12A Dibble Avenue,2026-07-07,2640000,house,4,3,2.0,213.1,
MAR056,Marrickville,16/295 Victoria Road,2026-07-07,1040000,apartment,2,1,1.0,,
MAR057,Marrickville,703C/359 Illawarra Road,2026-07-03,790000,apartment,1,1,1.0,,
MAR058,Marrickville,1/136 Livingstone Road,2026-07-02,1245000,apartment,2,1,1.0,,
MAR059,Marrickville,27/486-488 Illawarra Road,2026-07-02,525000,apartment,1,1,,,43.0
MAR060,Marrickville,3/12 George Street,2026-07-01,880000,apartment,2,1,,,
